<?xml version="1.0" encoding="UTF-8"?>

<command-validations>
 <command name="testCommand1">
  <field name="preAuthNo">
   <rule name="required" msg="Pre-auth number is required"/>
   <rule name="length" min="3" max="10" msg="Pre-auth number min length 3 and max length 10"/>
   <rule name="email" msg="Pre-auth number mail format is not correct"/>
   <rule name="regExp" regExp="^[a-zA-Z0-9]+$"  msg="Pre-auth number shuold be alphanumaric"/>
   <rule name="validWhen" expression="preAuthNo != '1234567890'"  msg="Pre-auth number shuold not 1234567890"/>
  </field>
 <field name="enrollmentID">
   <rule name="required" msg="Enrollment ID is required"/>
  </field>
 </command>
<command name="testCommand2">
  <field name="receivedDateAsString">
   <rule name="required" msg="receivedDateAsString is required"/>
  </field>
 </command>
 <command name="opdPreauthGeneralCmd">
	  <field name="receivedDateAsString">
	   <rule name="required" msg="Received date is required"/>
	  </field>
	<field name="consultationDate">
	   <rule name="required" msg="Consultation date is required"/>
	  </field>
	  <field name="requestAmount">
	   <rule name="required" msg="Requested amount is required"/>
	  </field>
	   <field name="claimantVO.memberSeqID">
	   <rule name="required" msg="Please select claimant details"/>
	  </field>
	   <field name="hospitalVO.hospSeqId">
	   <rule name="required" msg="Please select hospital details"/>
	  </field>
	   <field name="presentCompls">
	   <rule name="required" msg="Presenting complaints is required"/>
	  </field>
	   <field name="systemOfMedicine">
	   <rule name="required" msg="System of medicine is required"/>
	  </field>
	  <field name="specialityType">
	   <rule name="required" msg="Speciality is required"/>
	  </field>
	  <field name="provisionalDiagnosis">
	   <rule name="required" msg="Provisional diagnosis is required"/>
	  </field>
	  <field name="claimantVO.aadhaarNbr">
	   <rule name="length" min="12" max="12" msg="Claimant aadhaar number should be 12 digits"/>
	  </field>
	  <field name="claimantVO.panNbr">
	   <rule name="length" min="10" max="10" msg="Claimant pan number should be 10 characters"/>
	   <rule name="regExp" regExp="^[a-zA-Z0-9]+$" msg="Claimant pan number should be alphanumaric"/>
	  </field>
	   <field name="claimantVO.emailID">
	   <rule name="email"  msg="Claimant email id not valid"/>
	  </field>
	  <field name="claimantVO.alternateMailID">
	   <rule name="email"  msg="Claimant pan number should be 10 characters"/>
	  </field>
	  <field name="specialityType">
	   <rule name="validWhen" expression="((specialityType != 'DENS') or (spclSubGrpType != ''))"  msg="Specialty sub group is required"/>
	  </field>
	   <field name="durationOfPC">
	   <rule name="validWhen" expression="( ((durationOfPC != '' ) and (durationType != '')) or ((durationOfPC == '' ) and (durationType == '' )) )"  msg="Plese select duration/type"/>
	  </field>
 </command>
 <!-- 
 
  -->
</command-validations>