<?xml version="1.0" encoding="UTF-8"?>
<beans:beans xmlns="http://www.springframework.org/schema/mvc"
	xmlns:xsi="http://www.w3.org/2001/XMLSchema-instance"
	xmlns:beans="http://www.springframework.org/schema/beans"
	xmlns:context="http://www.springframework.org/schema/context"
	xmlns:task="http://www.springframework.org/schema/task"
	xmlns:aop="http://www.springframework.org/schema/aop"
	xsi:schemaLocation="http://www.springframework.org/schema/mvc http://www.springframework.org/schema/mvc/spring-mvc.xsd
		http://www.springframework.org/schema/beans http://www.springframework.org/schema/beans/spring-beans.xsd
		http://www.springframework.org/schema/aop http://www.springframework.org/schema/aop/spring-aop.xsd
		http://www.springframework.org/schema/task http://www.springframework.org/schema/task/spring-task.xsd
		http://www.springframework.org/schema/context http://www.springframework.org/schema/context/spring-context.xsd">

	<!-- DispatcherServlet Context: defines this servlet's request-processing infrastructure -->
	
	<!-- Enables the Spring MVC @Controller programming model -->
	<annotation-driven />
	<task:annotation-driven />
	<!-- Handles HTTP GET requests for /resources/** by efficiently serving up static resources in the ${webappRoot}/resources directory -->
	<resources mapping="/resources/**" location="/resources/" />
	<interceptors>
		<interceptor>
			<mapping path="/**"/>
			<exclude-mapping path="/"/>
			<exclude-mapping path="/login"/>
			<exclude-mapping path="/home"/>
			<exclude-mapping path="/forwardpath"/>
			<exclude-mapping path="/resources/**"/>
			<beans:bean class="com.vidal.common.interceptor.VingsSessionValidatorInterceptor"/>
		</interceptor>
	</interceptors>
	
	<beans:bean id="viewResolver" class="org.springframework.web.servlet.view.tiles3.TilesViewResolver"/>
	<beans:bean id="tilesConfigurer" class="org.springframework.web.servlet.view.tiles3.TilesConfigurer">
		<beans:property name="definitions">
			<beans:list>
				<beans:value>/WEB-INF/tiles.xml</beans:value>
			</beans:list>
		</beans:property>
	</beans:bean>
	
	<beans:bean id="messageSource" class="org.springframework.context.support.ReloadableResourceBundleMessageSource">
       <beans:property name="basenames">
       <beans:list>
         <beans:value>classpath:/resources/files/dbErrors</beans:value>
         <beans:value>classpath:/resources/files/vidal</beans:value>
          <beans:value>classpath:/resources/files/dbErrors_en</beans:value>
       </beans:list>
       </beans:property> 
       <beans:property name="defaultEncoding" value="UTF-8"/>
     </beans:bean>
    <beans:bean id="multipartResolver" class="org.springframework.web.multipart.commons.CommonsMultipartResolver">
    	<beans:property name="maxUploadSize" value="20848820" />
	</beans:bean>
	<!-- Resolves views selected for rendering by @Controllers to .jsp resources in the /WEB-INF/views directory -->
	<!-- <beans:bean class="org.springframework.web.servlet.view.InternalResourceViewResolver">
		<beans:property name="prefix" value="/WEB-INF/views/" />
		<beans:property name="suffix" value=".jsp" />
	</beans:bean> -->
	<context:property-placeholder location="classpath:/resources/files/vidal.properties"/>
	<!-- If DataSource is configured in Tomcat Servlet Container comp/env/jdbc -->
	<beans:bean id="dbDataSource"
		class="org.springframework.jndi.JndiObjectFactoryBean">
		<beans:property name="jndiName" value="${database.jndiName}" />
	</beans:bean>
	<context:component-scan base-package="com.vidal.*,com.reports.*" />
	<!-- <context:component-scan base-package="com.vidal.controllers,com.vidal.dao,com.vidal.services,com.vidal.common.controller.vidalcontroller,com.vidal.common.security,com.vidal.services.business.common,com.vidal.dao.business.common,com.vidal.common.tags.preauth,com.vidal.common,com.vidal.controllers.pricing" /> -->
</beans:beans>
