<?xml version="1.0" encoding="UTF-8"?>
<beans:beans xmlns="http://www.springframework.org/schema/security"
	xmlns:beans="http://www.springframework.org/schema/beans" xmlns:xsi="http://www.w3.org/2001/XMLSchema-instance"
	xsi:schemaLocation="http://www.springframework.org/schema/security http://www.springframework.org/schema/security/spring-security.xsd
			http://www.springframework.org/schema/beans http://www.springframework.org/schema/beans/spring-beans.xsd">

	<!-- Configuring RoleVoter bean to use custom access roles, by default roles 
		should be in the form ROLE_{XXX} -->
	<beans:bean id="roleVoter"
		class="org.springframework.security.access.vote.RoleVoter">
		<beans:property name="rolePrefix" value=""></beans:property>
	</beans:bean>

	<beans:bean id="accessDecisionManager"
		class="org.springframework.security.access.vote.AffirmativeBased">
		<beans:constructor-arg name="decisionVoters"
			ref="roleVoter" />
	</beans:bean>

	<http authentication-manager-ref="in-memory-auth"
		access-decision-manager-ref="accessDecisionManager">	
		<intercept-url pattern="/emp/**" access="Admin" />
		<form-login login-page="/login" authentication-failure-url="/denied"
			username-parameter="username" password-parameter="password"
			default-target-url="/home" />
		<logout invalidate-session="true" logout-success-url="/login"
			logout-url="/j_spring_security_logout" />
		<access-denied-handler error-page="/denied"/>
		<session-management invalid-session-url="/login">
			<concurrency-control max-sessions="1"
				expired-url="/login" />
		</session-management>
	</http>

	<authentication-manager id="in-memory-auth">
		<authentication-provider>
			<user-service>
				<user name="admin" password="admin123" authorities="Admin" />
			</user-service>
		</authentication-provider>
	</authentication-manager>

	<authentication-manager id="dao-auth">
		<authentication-provider user-service-ref="userDetailsService">
		</authentication-provider>
	</authentication-manager>

	<beans:bean id="userDetailsService"
		class="com.security.spring.security.dao.AppUserDetailsServiceDAO" />

	<!-- If DataSource is configured in Tomcat Servlet Container  -->
	<beans:bean id="dbDataSource"
		class="org.springframework.jndi.JndiObjectFactoryBean">
		<beans:property name="jndiName" value="java:comp/env/jdbc/connectionfactory" />
	</beans:bean> 
	
	<!-- config -->
	<!--  <beans:bean class="org.springframework.orm.hibernate5.LocalSessionFactoryBean" id="sessionFactory">
 		<beans:property name="dataSource" ref="dataSource"></beans:property>
 		<beans:property name="annotatedClasses">
  		<beans:list>
   			<beans:value>com.dineshonjava.model.Employee</beans:value>
  		</beans:list>
 		</beans:property>
 		<beans:property name="hibernateProperties">
 		<beans:props>
  				<beans:prop key="hibernate.dialect">org.hibernate.dialect.Oracle10gDialect</beans:prop>
  				<beans:prop key="hibernate.show_sql">true</beans:prop>
  				<beans:prop key="hibernate.hbm2ddl.auto">update</beans:prop>    
        </beans:props>
      </beans:property>
	</beans:bean> -->
	<!-- <beans:bean id="txManager"
    class="org.springframework.orm.hibernate5.HibernateTransactionManager">
      <beans:property name="sessionFactory" ref="sessionFactory" />
   	</beans:bean>
   <beans:bean id="persistenceExceptionTranslationPostProcessor"
    class="org.springframework.dao.annotation.PersistenceExceptionTranslationPostProcessor"/>  -->
	
</beans:beans>
