<?xml version="1.0" encoding="UTF-8"?>
<!DOCTYPE tiles-definitions PUBLIC
       "-//Apache Software Foundation//DTD Tiles Configuration 3.0//EN"
       "http://tiles.apache.org/dtds/tiles-config_3_0.dtd">
<tiles-definitions>
    <definition name="baselayout" template="/WEB-INF/views/classiclayout.jsp">
   <!--  <put-attribute name="title" value="Home" /> -->
    <put-attribute name="header" value="/WEB-INF/views/vidal/common/header.jsp" />
    <put-attribute name="body" value="" /> 
    <put-attribute name="footer" value="/WEB-INF/views/vidal/common/footer.jsp" />
  </definition>
    <definition name="single-page" template="/WEB-INF/views/vidal/common/singlepagelayout.jsp">
    <put-attribute name="body" value="/WEB-INF/views/vidal/common/inputscreen.jsp"/>
  </definition>
  
  
    <definition name="login"  template="/WEB-INF/views/login.jsp"/>
   
   

   <definition name="pricing.dashboard" extends="baselayout">
   <put-attribute name="body" value="/WEB-INF/views/vidal/pricing/Dashboard.jsp" />  
  </definition>

	<definition name="displayTab" extends="baselayout">
		<put-attribute name="body" value="/WEB-INF/views/vidal/pricing/displayTab.jsp" />
	</definition> 
	<definition name="inputscreen" extends="baselayout">
		<put-attribute name="body" value="/WEB-INF/views/vidal/pricing/inputscreen.jsp" />
	</definition>
	
	<definition name="readonlyinputscreen" extends="baselayout">
		<put-attribute name="body" value="/WEB-INF/views/vidal/pricing/readonlyinputscreen.jsp" />
	</definition>
	
   <definition name="riskprimimumscreen" extends="baselayout">
		<put-attribute name="body" value="/WEB-INF/views/vidal/pricing/riskprimium.jsp" />
	</definition>
    
 
   <definition name="pricing.Gross" extends="baselayout">
   <put-attribute name="body" value="/WEB-INF/views/vidal/pricing/Grosspreminum.jsp" />  
  </definition>
  
 
   <definition name="pricing.Final" extends="baselayout">
   <put-attribute name="body" value="/WEB-INF/views/vidal/pricing/Finalpricing.jsp" />  
 
  
  </definition>
     <definition name="pricing.Additional" extends="baselayout">
   <put-attribute name="body" value="/WEB-INF/views/vidal/pricing/AdditionalBenfits.jsp" />  
 
  
  </definition>
    <definition name="pricing.Propsal" extends="baselayout">
   <put-attribute name="body" value="/WEB-INF/views/vidal/pricing/proposal.jsp" />  
 
  
  </definition>
    <definition name="pricing.TOB" extends="baselayout">
   <put-attribute name="body" value="/WEB-INF/views/vidal/pricing/TOB.jsp" />  
   
  </definition>
  
  
    <definition name="groupPricing" extends="baselayout">
   <put-attribute name="body" value="/WEB-INF/views/vidal/pricing/groupPricing.jsp" />  
  
  </definition>
  <definition name="pricing.Whatif" extends="baselayout">
   <put-attribute name="body" value="/WEB-INF/views/vidal/pricing/whatif.jsp" />  
 
  
  </definition>
    <definition name="Delete" extends="baselayout">
   <put-attribute name="body" value="/WEB-INF/views/vidal/pricing/Deletescreen.jsp" />  
  </definition>
  
  
   <definition name="failure" extends="baselayout">  
       <put-attribute name="body" value="/WEB-INF/views/vidal/common/failure.jsp" />
   </definition>
   <definition name="pricingTableGrid" extends="single-page">  
       <put-attribute name="body" value="/WEB-INF/views/vidal/pricing/pricingTableGrid.jsp" />  
   </definition>
   
    <definition name="DefaultErrorPage" extends="baselayout">  
       <put-attribute name="title" value="Welcome" />  
       <put-attribute name="body" value="/WEB-INF/views/vidal/common/defaulterrorpage.jsp" />
   </definition>
 
   </tiles-definitions>