<?xml version="1.0" encoding="UTF-8"?>
<shortfall>
  <section name="Miscellaneous Documents">
	  <subsection name="Package/Tariff/Bill Revision">
          <query id="Miscellaneous.1" postlabel="Please Revise as per PPN package Rates for Rs."  control="input" type="checkbox"  value="YES"  />
		  <query id="Miscellaneous.1.1" postlabel="" maxlength="9" control="input" type="text"  jscall="onkeypress=return isNumberKey(event)"/>
		  <query id="Miscellaneous.2" postlabel="Please Revise as per agreed package Rates for Rs."  control="input" type="checkbox"  value="YES" />
		  <query id="Miscellaneous.2.1" postlabel="" maxlength="9" control="input" type="text"  jscall="onkeypress=return isNumberKey(event)"/>
		  <query id="Miscellaneous.3" postlabel="In case of multiple surgeries,Please revise first Procedure 100%,second procedure 50%,and consecutive procedure at 25%"  control="input" type="checkbox"  value="YES" />
		  <query id="Miscellaneous.4" postlabel="Please revise the bill,as the charges are high"  control="input" type="checkbox"  value="YES" />
		  <query id="Miscellaneous.5" postlabel="Please provide updated tariff card"  control="input" type="checkbox"  value="YES" />
		  <query id="Miscellaneous.6" postlabel="Please provide updated room rent tariff card"  control="input" type="checkbox"  value="YES" />
		  <query id="Miscellaneous.7" postlabel="TPA Remarks"  control="textArea" type="text"  value=""   />
		  <query id="Miscellaneous.8" postlabel="Hospital Remarks"  control="textArea" type="text"  value=""  />
		  <query id="Miscellaneous.9" postlabel="Case Management Remarks"  control="textArea" type="text"  value=""  />
				  
       </subsection>
  </section>
  <section name="Medical">
     <subsection name="Maternity">
 	 <query id="Maternity.1" postlabel="Is it a Normal delivery or Caesarean?" control="input" type="checkbox"  value="YES"   />
         <query id="Maternity.2" postlabel="Obstetric History G_P_A_L"  control="input" type="checkbox"  value="YES"  />
     </subsection>
     <subsection name="Ailment">
     	 <query id="Ailment.1" postlabel="Provisional diagnosis with symptoms and duration of ailment?"  control="input" type="checkbox"  value="YES"  />
     	 <query id="Ailment.2" postlabel="Need for hospitalization not clear in request"  control="input" type="checkbox"  value="YES"  />
     	 <query id="Ailment.3" postlabel="Duration of other ailments HT/DM/IHD/COPD?"  control="input" type="checkbox"  value="YES"  />
         <query id="Ailment.4" postlabel="Any other significant past history given by patient?"   control="input" type="checkbox"  value="YES" />
         <query id="Ailment.5" postlabel="Detailed plan of treatment in hospital?"   control="input" type="checkbox"  value="YES" />
         <query id="Ailment.6" postlabel="Reports of investigations done;ECG/X-RAY/CT/MRI/CAG/ECHO/TMT/BLOOD REPORTS/USG "   control="input" type="checkbox"  value="YES" />
         <query id="Ailment.7" postlabel="Any risk factors contributing to present ailment"   control="input" type="checkbox"  value="YES" />
         <query id="Ailment.8" postlabel="In case of previous OPD consultation/hospitalization,need consultation paper and previous discharge summary"   control="input" type="checkbox"  value="YES" />
         <query id="Ailment.9" postlabel="Relevance of past history to present problem in your expert opinion" control="input" type="checkbox"  value="YES"   />
         <query id="Ailment.10" postlabel="First Consultation Reports"   control="input" type="checkbox"  value="YES" />
         <query id="Ailment.11" postlabel="If RTA , Copies of MLC/FIR required"   control="input" type="checkbox"  value="YES" />
         <query id="Ailment.12" postlabel="Any History of ETHANOL ABUSE - Yes/No"   control="input" type="checkbox"  value="YES" />
       </subsection>
       <subsection name="Break up of charges/amount requested for treatment">
         <query id="Break up of charges/amount requested for treatment.1" postlabel="Bed Charge/Room Rent per day and the likely duration of stay"   control="input" type="checkbox"  value="YES" />
         <query id="Break up of charges/amount requested for treatment.2" postlabel="ICU-Kindly mention the ICU room charges and number of days in ICU if any"   control="input" type="checkbox"  value="YES" />
         <query id="Break up of charges/amount requested for treatment.3" postlabel="Doctor's fee INCLUDES doctors visits charges,surgeons fee,doctors charges,anesthetics charges"   control="input" type="checkbox"  value="YES" />
         <query id="Break up of charges/amount requested for treatment.4" postlabel="Hospital charges includes-OT/Consumables/Implants/Investigations/Medicines"   control="input" type="checkbox"  value="YES" />
         <query id="Break up of charges/amount requested for treatment.5" postlabel="Package Charges"   control="input" type="checkbox"  value="YES" />
       </subsection>
       <subsection name="Addressing Documents">
         <query id="Addressing Documents.1" postlabel="Copy of Aadhar card of the primary insured/Policy Holder" control="input" type="checkbox"  value="YES" />
         <query id="Addressing Documents.2" postlabel="Copy of Aadhar card of the Employee." control="input" type="checkbox"  value="YES" />
         <query id="Addressing Documents.3" postlabel="Copy of Pan Card of the primary insured/Policy Holder" control="input" type="checkbox"  value="YES" />
         <query id="Addressing Documents.4" postlabel="Copy of Pan Card of the Employee." control="input" type="checkbox"  value="YES" />
       </subsection>
  </section>
  <section name="Insurance">
    <subsection name="Insurance">
         <query id="Insurance.1" postlabel="Since when is this person a policy holder with continuous policy?"  control="input" type="checkbox"  value="YES" />
         <query id="Insurance.2" postlabel="Has the original sum insured been enhanced at any time?" control="input" type="checkbox"  value="YES"  />
         <query id="Insurance.3" postlabel="Are there any exclusion on his/her policy?" control="input" type="checkbox"  value="YES"  />
         <query id="Insurance.4" postlabel="Are there any restrictions for amount payable for any disease?" control="input" type="checkbox"  value="YES"  />
         <query id="Insurance.5" postlabel="Please give us details of any previous claims settled/denied?"  control="input" type="checkbox"  value="YES" />
      </subsection>
  </section>
  <section name="personal">
     <subsection name="Personal">
         <query id="Personal.1" description=""  control="textarea" />
     </subsection>
  </section>
  <section name="Missing Documents">
       <subsection name="Missing Documents">
           <query id="Missing Documents.1" postlabel="Copy of Vidal Health TPA ID Card"  control="input" type="checkbox"  value="YES" />
           <query id="Missing Documents.2" postlabel="Copy of Insurance Policy"  control="input" type="checkbox"  value="YES" />
       </subsection>
  </section>
  <section name="Other Documents">
       <subsection name="Other Documents">
           <query id="Other Documents.1" postlabel="GIPSA Declaration form"  control="input" type="checkbox"  value="YES" />
           <query id="Other Documents.2" postlabel="Network Declaration Form"  control="input" type="checkbox"  value="YES" />
       </subsection>
  </section>
  <section name="Others">
    <subsection name="Other Queries">
	 <query id="Others.1" postlabel=""  control="textArea" type="text"  value=""  />
   </subsection>
  </section>
</shortfall>